<bot schemaname="cr224_bot655100">
  <authenticationmode>2</authenticationmode>
  <authenticationtrigger>1</authenticationtrigger>
  <iscustomizable>0</iscustomizable>
  <language>1033</language>
  <name>Contract Opportunity Agent</name>
  <runtimeprovider>0</runtimeprovider>
  <synchronizationstatus>{
  "contentVersion": 2,
  "lastFinishedPublishOperation": {
    "$kind": "PublishResultDetails",
    "operationStart": "2025-02-27T19:29:23.3396777Z",
    "operationEnd": "2025-02-27T19:29:41.8288214Z",
    "status": "Succeeded"
  },
  "lastPublishedDetails": {
    "$kind": "SuccessfulPublishResultDetails",
    "authenticationMode": "Integrated"
  },
  "currentSynchronizationState": {
    "botRegistration": {
      "botRegistrationIdConsumptionTime": "2025-02-27T19:29:17Z",
      "applicationId": "2061dd1e-c469-47f4-b98b-bb1125c3e08f",
      "isAppAvailableInTenant": true
    },
    "provisioningStatus": "Provisioned",
    "state": "Synchronized"
  },
  "lastSynchronizedOnUtc": "2025-02-27T19:40:52.7642321Z"
}</synchronizationstatus>
  <template>appcopilot-1.0.0</template>
  <timezoneruleversionnumber>4</timezoneruleversionnumber>
</bot>