{
  "properties": {
    "connectionReferences": {
      "shared_commondataserviceforapps": {
        "runtimeSource": "embedded",
        "connection": {
          "connectionReferenceLogicalName": "proc_DataverseProc"
        },
        "api": {
          "name": "shared_commondataserviceforapps"
        }
      },
      "shared_approvals": {
        "runtimeSource": "embedded",
        "connection": {
          "connectionReferenceLogicalName": "proc_sharedapprovals_f3a54"
        },
        "api": {
          "name": "shared_approvals"
        }
      },
      "shared_conversionservice": {
        "runtimeSource": "embedded",
        "connection": {
          "connectionReferenceLogicalName": "proc_sharedconversionservice_b47af"
        },
        "api": {
          "name": "shared_conversionservice"
        }
      },
      "shared_teams": {
        "runtimeSource": "embedded",
        "connection": {
          "connectionReferenceLogicalName": "proc_TeamsProc"
        },
        "api": {
          "name": "shared_teams"
        }
      },
      "shared_outlook": {
        "runtimeSource": "embedded",
        "connection": {
          "connectionReferenceLogicalName": "proc_OutlookProc"
        },
        "api": {
          "name": "shared_outlook"
        }
      }
    },
    "definition": {
      "$schema": "https://schema.management.azure.com/providers/Microsoft.Logic/schemas/2016-06-01/workflowdefinition.json#",
      "contentVersion": "1.0.0.0",
      "parameters": {
        "$connections": {
          "defaultValue": {},
          "type": "Object"
        },
        "$authentication": {
          "defaultValue": {},
          "type": "SecureObject"
        }
      },
      "triggers": {
        "When_a_new_email_arrives_(V2)": {
          "splitOn": "@triggerOutputs()?['body/value']",
          "metadata": {
            "operationMetadataId": "03e03317-af79-42f8-9ead-1692f961926e"
          },
          "type": "OpenApiConnectionNotification",
          "inputs": {
            "host": {
              "connectionName": "shared_outlook",
              "operationId": "OnNewEmailV2",
              "apiId": "/providers/Microsoft.PowerApps/apis/shared_outlook"
            },
            "parameters": {
              "folderPath": "Inbox",
              "includeAttachments": true,
              "subjectFilter": "Procurement",
              "importance": "Any",
              "fetchOnlyWithAttachment": false
            },
            "authentication": "@parameters('$authentication')"
          }
        }
      },
      "actions": {
        "varAgency": {
          "runAfter": {},
          "metadata": {
            "operationMetadataId": "f632a025-c09d-4aec-be4b-bdf3042e3b3b"
          },
          "type": "InitializeVariable",
          "inputs": {
            "variables": [
              {
                "name": "varAgency",
                "type": "string"
              }
            ]
          }
        },
        "varProcurementType": {
          "runAfter": {
            "varSisterAgencyURL": [
              "Succeeded"
            ]
          },
          "metadata": {
            "operationMetadataId": "b83fa19f-d51a-43e7-b951-384c07285cd6"
          },
          "type": "InitializeVariable",
          "inputs": {
            "variables": [
              {
                "name": "varProcurementType",
                "type": "string"
              }
            ]
          }
        },
        "varSpecificationNumber": {
          "runAfter": {
            "varProcurementType": [
              "Succeeded"
            ]
          },
          "metadata": {
            "operationMetadataId": "7d3c8dac-22b5-423e-b599-f52ca5ff884c"
          },
          "type": "InitializeVariable",
          "inputs": {
            "variables": [
              {
                "name": "varSpecificationNumber",
                "type": "string"
              }
            ]
          }
        },
        "varContractName": {
          "runAfter": {
            "varSpecificationNumber": [
              "Succeeded"
            ]
          },
          "metadata": {
            "operationMetadataId": "066457b2-71cc-4832-82e7-3c5032a66a82"
          },
          "type": "InitializeVariable",
          "inputs": {
            "variables": [
              {
                "name": "varContractName",
                "type": "string"
              }
            ]
          }
        },
        "varAdvertisementDate": {
          "runAfter": {
            "varContractName": [
              "Succeeded"
            ]
          },
          "metadata": {
            "operationMetadataId": "dd9f0e9a-b2ba-42e7-8ca7-622dca14b1a5"
          },
          "type": "InitializeVariable",
          "inputs": {
            "variables": [
              {
                "name": "varAdvertisementDate",
                "type": "string"
              }
            ]
          }
        },
        "varResponseDueDate": {
          "runAfter": {
            "varAdvertisementDate": [
              "Succeeded"
            ]
          },
          "metadata": {
            "operationMetadataId": "4e762f81-0ee2-45c9-86d2-e0f5c5e70c13"
          },
          "type": "InitializeVariable",
          "inputs": {
            "variables": [
              {
                "name": "varResponseDueDate",
                "type": "string"
              }
            ]
          }
        },
        "varProcurementStatus": {
          "runAfter": {
            "varResponseDueDate": [
              "Succeeded"
            ]
          },
          "metadata": {
            "operationMetadataId": "ef6aa1c4-b9fe-458c-a35f-87e9deed668d"
          },
          "type": "InitializeVariable",
          "inputs": {
            "variables": [
              {
                "name": "varProcurementStatus",
                "type": "string"
              }
            ]
          }
        },
        "Set_varAgency": {
          "runAfter": {
            "Set_SisterAgencySite": [
              "Succeeded"
            ]
          },
          "metadata": {
            "operationMetadataId": "66b5a982-7b0c-4c0c-9b9c-b8c261eaf39e"
          },
          "type": "SetVariable",
          "inputs": {
            "name": "varAgency",
            "value": "@body('Parse_JSON_-_Extracted_Text')?['agency']"
          }
        },
        "Set_varProcurementType": {
          "runAfter": {
            "Set_varDepartment": [
              "Succeeded"
            ]
          },
          "metadata": {
            "operationMetadataId": "ddb2e31c-d3a7-405c-8b22-6adc181ef3a9"
          },
          "type": "SetVariable",
          "inputs": {
            "name": "varProcurementType",
            "value": "@body('Parse_JSON_-_Extracted_Text')?['procurement_type']"
          }
        },
        "Set_varSpecificationNo": {
          "runAfter": {
            "Set_varProcurementType": [
              "Succeeded"
            ]
          },
          "metadata": {
            "operationMetadataId": "ef1d79a5-411d-4ff2-ba2e-3ad09458fa3d"
          },
          "type": "SetVariable",
          "inputs": {
            "name": "varSpecificationNumber",
            "value": "@body('Parse_JSON_-_Extracted_Text')?['specification_number']"
          }
        },
        "Set_varContractName": {
          "runAfter": {
            "Set_varSpecificationNo": [
              "Succeeded"
            ]
          },
          "metadata": {
            "operationMetadataId": "ae889ff7-39c8-4512-a86c-ad714e346fd8"
          },
          "type": "SetVariable",
          "inputs": {
            "name": "varContractName",
            "value": "@body('Parse_JSON_-_Extracted_Text')?['contract_name']"
          }
        },
        "Set_varProcumentStatus": {
          "runAfter": {
            "Set_varContractName": [
              "Succeeded"
            ]
          },
          "metadata": {
            "operationMetadataId": "6e2ba8b3-beb3-4b5b-85b2-b4ff5827eaab"
          },
          "type": "SetVariable",
          "inputs": {
            "name": "varProcurementStatus",
            "value": "@body('Parse_JSON_-_Extracted_Text')?['status']"
          }
        },
        "Set_varAdvertisementDate": {
          "runAfter": {
            "Set_varProcumentStatus": [
              "Succeeded"
            ]
          },
          "metadata": {
            "operationMetadataId": "2a48ac76-2ba7-4afb-9b53-854d3190e94d"
          },
          "type": "SetVariable",
          "inputs": {
            "name": "varAdvertisementDate",
            "value": "@body('Parse_JSON_-_Extracted_Text')?['advertisement_date']"
          }
        },
        "Set_varResponseDueDate": {
          "runAfter": {
            "Set_varAdvertisementDate": [
              "Succeeded"
            ]
          },
          "metadata": {
            "operationMetadataId": "c3ef3e8e-983e-46e2-b0af-63aa25212168"
          },
          "type": "SetVariable",
          "inputs": {
            "name": "varResponseDueDate",
            "value": "@body('Parse_JSON_-_Extracted_Text')?['response_due_date']"
          }
        },
        "varComments": {
          "runAfter": {
            "varProcurementStatus": [
              "Succeeded"
            ]
          },
          "metadata": {
            "operationMetadataId": "e25718f1-2703-4012-85a7-d6e563a42aa7"
          },
          "type": "InitializeVariable",
          "inputs": {
            "variables": [
              {
                "name": "varComments",
                "type": "string"
              }
            ]
          }
        },
        "Set_varComments": {
          "runAfter": {
            "Set_varResponseDueDate": [
              "Succeeded"
            ]
          },
          "metadata": {
            "operationMetadataId": "3d67449a-3f75-41d3-b8aa-41de2969f02a"
          },
          "type": "SetVariable",
          "inputs": {
            "name": "varComments",
            "value": "@body('Parse_JSON_-_Extracted_Text')?['comments']"
          }
        },
        "varCategory": {
          "runAfter": {
            "varComments": [
              "Succeeded"
            ]
          },
          "metadata": {
            "operationMetadataId": "ccc46c27-fafd-4c9b-bf0d-644c42c0e299"
          },
          "type": "InitializeVariable",
          "inputs": {
            "variables": [
              {
                "name": "varCategory",
                "type": "string"
              }
            ]
          }
        },
        "Set_varCategory": {
          "runAfter": {
            "Set_varComments": [
              "Succeeded"
            ]
          },
          "metadata": {
            "operationMetadataId": "8c574e2c-9bf7-4187-9338-70c14f2420ba"
          },
          "type": "SetVariable",
          "inputs": {
            "name": "varCategory",
            "value": "@body('Parse_JSON_-_Extracted_Text')?['category']"
          }
        },
        "varProcurementURL": {
          "runAfter": {
            "varCategory": [
              "Succeeded"
            ]
          },
          "metadata": {
            "operationMetadataId": "ef5457f4-af20-4b91-b5be-8b949822fbdb"
          },
          "type": "InitializeVariable",
          "inputs": {
            "variables": [
              {
                "name": "varProcurementURL",
                "type": "string"
              }
            ]
          }
        },
        "varAccountName": {
          "runAfter": {
            "varProcurementURL": [
              "Succeeded"
            ]
          },
          "metadata": {
            "operationMetadataId": "04d5c78a-ac56-43a1-b16e-b957121ff1be"
          },
          "type": "InitializeVariable",
          "inputs": {
            "variables": [
              {
                "name": "varAccountName",
                "type": "string"
              }
            ]
          }
        },
        "List_rows_-_Contract_Opportunities": {
          "runAfter": {
            "Set_varCategory": [
              "Succeeded"
            ]
          },
          "metadata": {
            "operationMetadataId": "dbe2ab75-c8eb-475f-afbc-cbe08f24b57f"
          },
          "type": "OpenApiConnection",
          "inputs": {
            "host": {
              "connectionName": "shared_commondataserviceforapps",
              "operationId": "ListRecords",
              "apiId": "/providers/Microsoft.PowerApps/apis/shared_commondataserviceforapps"
            },
            "parameters": {
              "entityName": "proc_contractopportuniteses",
              "$select": "proc_departmentname,proc_contractname2",
              "$filter": "proc_departmentname eq '@{body('Parse_JSON_-_Extracted_Text')?['Department/Agency']}' and proc_contractname2 eq '@{variables('varContractName')}'",
              "$top": 1
            },
            "authentication": "@parameters('$authentication')"
          }
        },
        "Compose_-_duplicate_opportunities": {
          "runAfter": {
            "List_rows_-_Contract_Opportunities": [
              "Succeeded"
            ]
          },
          "metadata": {
            "operationMetadataId": "d4df93c7-f1d1-4438-895a-3423b710c27b"
          },
          "type": "Compose",
          "inputs": "@length(outputs('List_rows_-_Contract_Opportunities')?['body/value'])"
        },
        "Condition_-_duplicate_opportunities": {
          "actions": {
            "Procurement_URL": {
              "runAfter": {},
              "metadata": {
                "operationMetadataId": "ce31857a-afb2-480e-a1b3-14689acf3a4a"
              },
              "type": "Compose",
              "inputs": "@coalesce(variables('varDocument'),variables('varSisterAgencySite'))"
            },
            "Compose_-_Approval_Markdown": {
              "runAfter": {
                "Condition_-_URL": [
                  "Succeeded"
                ]
              },
              "metadata": {
                "operationMetadataId": "37eb1758-349e-42f5-9f1d-fe4c9aef8f2b"
              },
              "type": "Compose",
              "inputs": "| | |\n|----|----|\n|Agency|@{variables('varAgency')}|\n|Department|@{variables('varDepartment')}|\n|Procurement Type|@{variables('varProcurementType')}|\n|Specification Number|@{variables('varSpecificationNumber')}|\n|Contract Name|@{variables('varContractName')}|\n|Status|@{variables('varProcurementStatus')}|\n|Category|@{body('Parse_JSON_-_Extracted_Text')?['category']}|\n|Advertisement Date|@{variables('varAdvertisementDate')}|\n|Response Due Date|@{variables('varResponseDueDate')}|\n|Comments|@{body('Parse_JSON_-_Extracted_Text')?['comments']}|\n|Procurement URL|@{variables('varOpportunityURL')}|"
            },
            "Start_and_wait_for_an_approval_-_Scope_Only": {
              "runAfter": {
                "Compose_-_Approval_Markdown": [
                  "Succeeded"
                ]
              },
              "metadata": {
                "operationMetadataId": "f74b0fce-402f-4960-88f4-21d9c4ac94d7"
              },
              "type": "OpenApiConnectionWebhook",
              "inputs": {
                "host": {
                  "connectionName": "shared_approvals",
                  "operationId": "StartAndWaitForAnApproval",
                  "apiId": "/providers/Microsoft.PowerApps/apis/shared_approvals"
                },
                "parameters": {
                  "approvalType": "Basic",
                  "WebhookApprovalCreationInput/title": "Procurment Opportunity - @{variables('varDepartment')}",
                  "WebhookApprovalCreationInput/assignedTo": "kyodiana8@learnwithpowerup.onmicrosoft.com",
                  "WebhookApprovalCreationInput/details": "Please review this opportunity just to determine where it is a good fit for our services.\n@{outputs('Compose_-_Approval_Markdown')}",
                  "WebhookApprovalCreationInput/enableNotifications": true,
                  "WebhookApprovalCreationInput/enableReassignment": true
                },
                "authentication": "@parameters('$authentication')"
              }
            },
            "Condition_-_Approved": {
              "actions": {
                "List_rows_-_Accounts": {
                  "runAfter": {},
                  "metadata": {
                    "operationMetadataId": "be9551ab-c32f-4ca3-9b19-a81ad7fa5f44"
                  },
                  "type": "OpenApiConnection",
                  "inputs": {
                    "host": {
                      "connectionName": "shared_commondataserviceforapps",
                      "operationId": "ListRecords",
                      "apiId": "/providers/Microsoft.PowerApps/apis/shared_commondataserviceforapps"
                    },
                    "parameters": {
                      "entityName": "accounts",
                      "$filter": "name eq '@{body('Parse_JSON_-_Extracted_Text')?['Department/Agency']}'",
                      "$top": 1
                    },
                    "authentication": "@parameters('$authentication')"
                  }
                },
                "Compose_-_Number_of_Existing_Account_with_Same_Name": {
                  "runAfter": {
                    "Apply_to_each_Account": [
                      "Succeeded"
                    ]
                  },
                  "metadata": {
                    "operationMetadataId": "67f6ca12-4ad0-4f26-bbfb-7d1eaa22c952"
                  },
                  "type": "Compose",
                  "inputs": "@length(outputs('List_rows_-_Accounts')?['body/value'])"
                },
                "Condition": {
                  "actions": {
                    "Add_a_new_row-Accounts": {
                      "runAfter": {},
                      "metadata": {
                        "operationMetadataId": "d15f63b9-f97f-478c-9959-5fa6cb8fa99a"
                      },
                      "type": "OpenApiConnection",
                      "inputs": {
                        "host": {
                          "connectionName": "shared_commondataserviceforapps",
                          "operationId": "CreateRecord",
                          "apiId": "/providers/Microsoft.PowerApps/apis/shared_commondataserviceforapps"
                        },
                        "parameters": {
                          "entityName": "accounts",
                          "item/name": "@body('Parse_JSON_-_Extracted_Text')?['Department/Agency']",
                          "item/proc_buyername": "@body('Parse_JSON_-_Extracted_Text')?['buyer_name']"
                        },
                        "authentication": "@parameters('$authentication')"
                      }
                    }
                  },
                  "runAfter": {
                    "Compose_-_Number_of_Existing_Account_with_Same_Name": [
                      "Succeeded"
                    ]
                  },
                  "expression": {
                    "equals": [
                      "@outputs('Compose_-_Number_of_Existing_Account_with_Same_Name')",
                      0
                    ]
                  },
                  "metadata": {
                    "operationMetadataId": "cbb3c707-881b-4342-b212-ea1a1880781c"
                  },
                  "type": "If"
                },
                "Apply_to_each_Account": {
                  "foreach": "@outputs('List_rows_-_Accounts')?['body/value']",
                  "actions": {
                    "Set_varAccountName": {
                      "runAfter": {},
                      "metadata": {
                        "operationMetadataId": "0c187423-7093-4af9-9d90-5661c0397e63"
                      },
                      "type": "SetVariable",
                      "inputs": {
                        "name": "varAccountName",
                        "value": "@items('Apply_to_each_Account')?['name']"
                      }
                    }
                  },
                  "runAfter": {
                    "List_rows_-_Accounts": [
                      "Succeeded"
                    ]
                  },
                  "metadata": {
                    "operationMetadataId": "6607483d-4c47-4359-8fe3-8bacedcd801e"
                  },
                  "type": "Foreach",
                  "runtimeConfiguration": {
                    "concurrency": {
                      "repetitions": 20
                    }
                  }
                },
                "Add_a_new_row_-_Contract_Opportunity": {
                  "runAfter": {
                    "Condition": [
                      "Succeeded"
                    ]
                  },
                  "metadata": {
                    "operationMetadataId": "72b9759b-e7f5-4291-a7d5-9a5bd6b58b94"
                  },
                  "type": "OpenApiConnection",
                  "inputs": {
                    "host": {
                      "connectionName": "shared_commondataserviceforapps",
                      "operationId": "CreateRecord",
                      "apiId": "/providers/Microsoft.PowerApps/apis/shared_commondataserviceforapps"
                    },
                    "parameters": {
                      "entityName": "proc_contractopportuniteses",
                      "item/proc_advertisementdate": "@variables('varAdvertisementDate')",
                      "item/proc_agency": "@variables('varAgency')",
                      "item/proc_category": "@variables('varCategory')",
                      "item/proc_comments": "@variables('varComments')",
                      "item/proc_contactemail": "@body('Parse_JSON_-_Extracted_Text')?['buyer_email']",
                      "item/proc_contactperson": "@body('Parse_JSON_-_Extracted_Text')?['buyer_name']",
                      "item/proc_contractname2": "@variables('varContractName')",
                      "item/proc_departmentname": "@body('Parse_JSON_-_Extracted_Text')?['Department/Agency']",
                      "item/proc_opportunityurl": "@variables('varOpportunityURL')",
                      "item/proc_procurementstatus": "@variables('varProcurementStatus')",
                      "item/proc_procurementtype": "@variables('varProcurementType')",
                      "item/proc_responseduedate": "@variables('varResponseDueDate')",
                      "item/proc_specificationnumber": "@variables('varSpecificationNumber')"
                    },
                    "authentication": "@parameters('$authentication')"
                  }
                }
              },
              "runAfter": {
                "Start_and_wait_for_an_approval_-_Scope_Only": [
                  "Succeeded"
                ]
              },
              "expression": {
                "equals": [
                  "@outputs('Start_and_wait_for_an_approval_-_Scope_Only')?['body/outcome']",
                  "Approve"
                ]
              },
              "metadata": {
                "operationMetadataId": "a4ae11e4-2ea9-4a01-858d-faf7d287aaf8"
              },
              "type": "If"
            },
            "Condition_-_URL": {
              "actions": {
                "Set_OpportunityURL-document": {
                  "runAfter": {},
                  "metadata": {
                    "operationMetadataId": "83f11e33-d1d9-49e9-bebb-9c90f598008a"
                  },
                  "type": "SetVariable",
                  "inputs": {
                    "name": "varOpportunityURL",
                    "value": "@variables('varDocument')"
                  }
                }
              },
              "runAfter": {
                "Procurement_URL": [
                  "Succeeded"
                ]
              },
              "else": {
                "actions": {
                  "Set_varOpportuntiyURL-SisterAgency": {
                    "runAfter": {},
                    "metadata": {
                      "operationMetadataId": "febe2847-1d26-4063-83ab-87e91221d877"
                    },
                    "type": "SetVariable",
                    "inputs": {
                      "name": "varOpportunityURL",
                      "value": "@variables('varSisterAgencySite')"
                    }
                  }
                }
              },
              "expression": {
                "contains": [
                  "@variables('varDocument')",
                  "transit"
                ]
              },
              "metadata": {
                "operationMetadataId": "a00b427c-6913-4320-a3c6-3224d0dc3022"
              },
              "type": "If"
            }
          },
          "runAfter": {
            "Compose_-_duplicate_opportunities": [
              "Succeeded"
            ]
          },
          "expression": {
            "equals": [
              "@outputs('Compose_-_duplicate_opportunities')",
              0
            ]
          },
          "metadata": {
            "operationMetadataId": "7c3eb907-ab32-45d5-a4f6-0553f1904083"
          },
          "type": "If"
        },
        "varAgencyDepartment": {
          "runAfter": {
            "varAgency": [
              "Succeeded"
            ]
          },
          "metadata": {
            "operationMetadataId": "4efcb83d-9516-4727-9418-38550681869b"
          },
          "type": "InitializeVariable",
          "inputs": {
            "variables": [
              {
                "name": "varDepartment",
                "type": "string"
              }
            ]
          }
        },
        "Set_varDepartment": {
          "runAfter": {
            "Set_varAgency": [
              "Succeeded"
            ]
          },
          "metadata": {
            "operationMetadataId": "876decac-1215-4ec8-856f-ed017becbfda"
          },
          "type": "SetVariable",
          "inputs": {
            "name": "varDepartment",
            "value": "@body('Parse_JSON_-_Extracted_Text')?['Department/Agency']"
          }
        },
        "varDocument": {
          "runAfter": {
            "varAgencyDepartment": [
              "Succeeded"
            ]
          },
          "metadata": {
            "operationMetadataId": "7e87c151-9451-4a75-8652-ddc93e033fd1"
          },
          "type": "InitializeVariable",
          "inputs": {
            "variables": [
              {
                "name": "varDocument",
                "type": "string"
              }
            ]
          }
        },
        "set_varDocument": {
          "runAfter": {
            "ScopeFinallyAI": [
              "Succeeded"
            ]
          },
          "metadata": {
            "operationMetadataId": "5b3aebfa-8103-4932-a802-4fd0fbdacb36"
          },
          "type": "SetVariable",
          "inputs": {
            "name": "varDocument",
            "value": "@body('Parse_JSON_-_Extracted_Text')?['document']"
          }
        },
        "varSisterAgencyURL": {
          "runAfter": {
            "varOpportunityURL": [
              "Succeeded"
            ]
          },
          "metadata": {
            "operationMetadataId": "d2411946-3a3d-4e2a-90a3-187c3e88ad8b"
          },
          "type": "InitializeVariable",
          "inputs": {
            "variables": [
              {
                "name": "varSisterAgencySite",
                "type": "string"
              }
            ]
          }
        },
        "Set_SisterAgencySite": {
          "runAfter": {
            "set_varDocument": [
              "Succeeded"
            ]
          },
          "metadata": {
            "operationMetadataId": "8e20f502-d9ce-48de-8bd9-ab62469bccbb"
          },
          "type": "SetVariable",
          "inputs": {
            "name": "varSisterAgencySite",
            "value": "https://www.chicago.gov/city/en/sites/procurementinformation/home.html"
          }
        },
        "varOpportunityURL": {
          "runAfter": {
            "varDocument": [
              "Succeeded"
            ]
          },
          "metadata": {
            "operationMetadataId": "ea0f6cb2-117d-4641-a5af-bd501e52ca45"
          },
          "type": "InitializeVariable",
          "inputs": {
            "variables": [
              {
                "name": "varOpportunityURL",
                "type": "string"
              }
            ]
          }
        },
        "ScopeTryAI": {
          "actions": {
            "Html_to_text_-_Email_Body": {
              "runAfter": {},
              "metadata": {
                "operationMetadataId": "32bf3f38-3685-4731-afc8-36da0dbe632e"
              },
              "type": "OpenApiConnection",
              "inputs": {
                "host": {
                  "connectionName": "shared_conversionservice",
                  "operationId": "HtmlToText",
                  "apiId": "/providers/Microsoft.PowerApps/apis/shared_conversionservice"
                },
                "parameters": {
                  "Content": "<p>@{triggerOutputs()?['body/Body']}</p>"
                },
                "authentication": "@parameters('$authentication')"
              }
            },
            "Create_text_with_GPT_using_a_prompt": {
              "runAfter": {
                "Html_to_text_-_Email_Body": [
                  "Succeeded"
                ]
              },
              "metadata": {
                "operationMetadataId": "87d2b2e7-67ee-472d-8828-16a50954b937",
                "flowSystemMetadata": {
                  "portalOperationId": "aibuilderpredict_customprompt",
                  "portalOperationGroup": "aibuilder",
                  "portalOperationApiDisplayNameOverride": "AI Builder",
                  "portalOperationIconOverride": "https://content.powerapps.com/resource/makerx/static/pauto/images/designeroperations/aiBuilderNew.51dbdb6b.png",
                  "portalOperationBrandColorOverride": "#0A76C4",
                  "portalOperationApiTierOverride": "Standard"
                }
              },
              "type": "OpenApiConnection",
              "inputs": {
                "host": {
                  "connectionName": "shared_commondataserviceforapps",
                  "operationId": "aibuilderpredict_customprompt",
                  "apiId": "/providers/Microsoft.PowerApps/apis/shared_commondataserviceforapps"
                },
                "parameters": {
                  "recordId": "b923b96c-d716-425c-b3f6-6c31abfba6fb",
                  "item/requestv2/EmailBody": "@body('Html_to_text_-_Email_Body')"
                },
                "authentication": "@parameters('$authentication')"
              }
            },
            "Compose_-_Extracted_Text": {
              "runAfter": {
                "Create_text_with_GPT_using_a_prompt": [
                  "Succeeded"
                ]
              },
              "metadata": {
                "operationMetadataId": "a815060c-112d-40bf-9aa8-5f778b731f7c"
              },
              "type": "Compose",
              "inputs": "@body('Create_text_with_GPT_using_a_prompt')"
            },
            "Parse_JSON_-_Extracted_Text": {
              "runAfter": {
                "Compose_-_Extracted_Text": [
                  "Succeeded"
                ]
              },
              "metadata": {
                "operationMetadataId": "2e58a26f-6144-4dac-8563-841421ed0cc9"
              },
              "type": "ParseJson",
              "inputs": {
                "content": "@outputs('Create_text_with_GPT_using_a_prompt')?['body/responsev2/predictionOutput/text']",
                "schema": {
                  "type": "object",
                  "properties": {
                    "agency": {
                      "type": "string"
                    },
                    "procurement_type": {
                      "type": "string"
                    },
                    "specification_number": {
                      "type": "string"
                    },
                    "contract_name": {
                      "type": "string"
                    },
                    "status": {
                      "type": "string"
                    },
                    "category": {
                      "type": "string"
                    },
                    "advertisement_date": {
                      "type": "string"
                    },
                    "response_due_date": {
                      "type": "string"
                    },
                    "RFQ#": {
                      "type": "string"
                    },
                    "Department/Agency": {
                      "type": "string"
                    },
                    "buyer_name": {
                      "type": "string"
                    },
                    "buyer_email": {
                      "type": "string"
                    },
                    "document": {
                      "type": "string"
                    },
                    "comments": {
                      "type": "string"
                    }
                  }
                }
              }
            }
          },
          "runAfter": {
            "varErrorCondition": [
              "Succeeded"
            ]
          },
          "metadata": {
            "operationMetadataId": "32ad3e45-8228-4314-9bfc-56eebe7bb3bd"
          },
          "type": "Scope"
        },
        "ScopeCatchAI": {
          "actions": {
            "Set_varErrorCondition": {
              "runAfter": {},
              "metadata": {
                "operationMetadataId": "c9b0b496-7918-4fd6-8439-65b311cecce5"
              },
              "type": "SetVariable",
              "inputs": {
                "name": "varErrorCondition",
                "value": "@true"
              }
            }
          },
          "runAfter": {
            "ScopeTryAI": [
              "Failed",
              "TimedOut"
            ]
          },
          "metadata": {
            "operationMetadataId": "7df46b33-1994-4b30-94c8-3e39e3b2590a"
          },
          "type": "Scope"
        },
        "ScopeFinallyAI": {
          "actions": {
            "Condition_2": {
              "actions": {
                "Post_message_in_a_chat_or_channel": {
                  "runAfter": {},
                  "metadata": {
                    "operationMetadataId": "c13a611e-3bf5-4380-96f1-e9e46bee44cb"
                  },
                  "type": "OpenApiConnection",
                  "inputs": {
                    "host": {
                      "connectionName": "shared_teams",
                      "operationId": "PostMessageToConversation",
                      "apiId": "/providers/Microsoft.PowerApps/apis/shared_teams"
                    },
                    "parameters": {
                      "poster": "Flow bot",
                      "location": "Chat with Flow bot",
                      "body/recipient": "kyodiana8@learnwithpowerup.onmicrosoft.com",
                      "body/messageBody": "<p>The AI Builder actions within the <em>New Contract Opportunity Email </em>failed.</p>"
                    },
                    "authentication": "@parameters('$authentication')"
                  }
                }
              },
              "runAfter": {},
              "expression": {
                "equals": [
                  "@variables('varErrorCondition')",
                  "@true"
                ]
              },
              "metadata": {
                "operationMetadataId": "f4092a3a-9f11-4063-94cc-e4043995ad7d"
              },
              "type": "If"
            }
          },
          "runAfter": {
            "ScopeCatchAI": [
              "Succeeded",
              "Failed",
              "Skipped",
              "TimedOut"
            ]
          },
          "metadata": {
            "operationMetadataId": "4cd6e4c3-5637-41d7-acac-64eb6acd6868"
          },
          "type": "Scope"
        },
        "varErrorCondition": {
          "runAfter": {
            "varAccountName": [
              "Succeeded"
            ]
          },
          "metadata": {
            "operationMetadataId": "e92a1cf3-6a7c-4a28-bdc4-477538b6fa6e"
          },
          "type": "InitializeVariable",
          "inputs": {
            "variables": [
              {
                "name": "varErrorCondition",
                "type": "boolean",
                "value": "@false"
              }
            ]
          }
        }
      },
      "outputs": {}
    },
    "templateName": ""
  },
  "schemaVersion": "1.0.0.0"
}