<ImportExportXml version="9.2.25013.202" SolutionPackageVersion="9.2" languagecode="1033" generatedBy="CrmLive" xmlns:xsi="http://www.w3.org/2001/XMLSchema-instance" OrganizationVersion="9.2.25013.202" OrganizationSchemaType="Standard" CRMServerServiceabilityVersion="9.2.25014.00218">
  <SolutionManifest>
    <UniqueName>Procurement</UniqueName>
    <LocalizedNames>
      <LocalizedName description="Contract Opportunities" languagecode="1033" />
    </LocalizedNames>
    <Descriptions />
    <Version>1.0.0.3</Version>
    <Managed>0</Managed>
    <Publisher>
      <UniqueName>Procurement</UniqueName>
      <LocalizedNames>
        <LocalizedName description="Procurement" languagecode="1033" />
      </LocalizedNames>
      <Descriptions />
      <EMailAddress xsi:nil="true"></EMailAddress>
      <SupportingWebsiteUrl xsi:nil="true"></SupportingWebsiteUrl>
      <CustomizationPrefix>proc</CustomizationPrefix>
      <CustomizationOptionValuePrefix>44598</CustomizationOptionValuePrefix>
      <Addresses>
        <Address>
          <AddressNumber>1</AddressNumber>
          <AddressTypeCode>1</AddressTypeCode>
          <City xsi:nil="true"></City>
          <County xsi:nil="true"></County>
          <Country xsi:nil="true"></Country>
          <Fax xsi:nil="true"></Fax>
          <FreightTermsCode xsi:nil="true"></FreightTermsCode>
          <ImportSequenceNumber xsi:nil="true"></ImportSequenceNumber>
          <Latitude xsi:nil="true"></Latitude>
          <Line1 xsi:nil="true"></Line1>
          <Line2 xsi:nil="true"></Line2>
          <Line3 xsi:nil="true"></Line3>
          <Longitude xsi:nil="true"></Longitude>
          <Name xsi:nil="true"></Name>
          <PostalCode xsi:nil="true"></PostalCode>
          <PostOfficeBox xsi:nil="true"></PostOfficeBox>
          <PrimaryContactName xsi:nil="true"></PrimaryContactName>
          <ShippingMethodCode>1</ShippingMethodCode>
          <StateOrProvince xsi:nil="true"></StateOrProvince>
          <Telephone1 xsi:nil="true"></Telephone1>
          <Telephone2 xsi:nil="true"></Telephone2>
          <Telephone3 xsi:nil="true"></Telephone3>
          <TimeZoneRuleVersionNumber xsi:nil="true"></TimeZoneRuleVersionNumber>
          <UPSZone xsi:nil="true"></UPSZone>
          <UTCOffset xsi:nil="true"></UTCOffset>
          <UTCConversionTimeZoneCode xsi:nil="true"></UTCConversionTimeZoneCode>
        </Address>
        <Address>
          <AddressNumber>2</AddressNumber>
          <AddressTypeCode>1</AddressTypeCode>
          <City xsi:nil="true"></City>
          <County xsi:nil="true"></County>
          <Country xsi:nil="true"></Country>
          <Fax xsi:nil="true"></Fax>
          <FreightTermsCode xsi:nil="true"></FreightTermsCode>
          <ImportSequenceNumber xsi:nil="true"></ImportSequenceNumber>
          <Latitude xsi:nil="true"></Latitude>
          <Line1 xsi:nil="true"></Line1>
          <Line2 xsi:nil="true"></Line2>
          <Line3 xsi:nil="true"></Line3>
          <Longitude xsi:nil="true"></Longitude>
          <Name xsi:nil="true"></Name>
          <PostalCode xsi:nil="true"></PostalCode>
          <PostOfficeBox xsi:nil="true"></PostOfficeBox>
          <PrimaryContactName xsi:nil="true"></PrimaryContactName>
          <ShippingMethodCode>1</ShippingMethodCode>
          <StateOrProvince xsi:nil="true"></StateOrProvince>
          <Telephone1 xsi:nil="true"></Telephone1>
          <Telephone2 xsi:nil="true"></Telephone2>
          <Telephone3 xsi:nil="true"></Telephone3>
          <TimeZoneRuleVersionNumber xsi:nil="true"></TimeZoneRuleVersionNumber>
          <UPSZone xsi:nil="true"></UPSZone>
          <UTCOffset xsi:nil="true"></UTCOffset>
          <UTCConversionTimeZoneCode xsi:nil="true"></UTCConversionTimeZoneCode>
        </Address>
      </Addresses>
    </Publisher>
    <RootComponents>
      <RootComponent type="1" schemaName="account" behavior="2" />
      <RootComponent type="1" schemaName="contact" behavior="2" />
      <RootComponent type="1" schemaName="proc_contractopportunites" behavior="0" />
      <RootComponent type="1" schemaName="proc_employee" behavior="0" />
      <RootComponent type="9" schemaName="proc_proposalstatus" behavior="0" />
      <RootComponent type="20" id="{d1455e07-25f5-ef11-be1f-6045bdeed518}" behavior="0" />
      <RootComponent type="20" id="{d7b2ce7c-25f5-ef11-be1f-6045bdeed518}" behavior="0" />
      <RootComponent type="29" id="{4e21cdae-e3f4-ef11-be1f-6045bdeed518}" behavior="0" />
      <RootComponent type="29" id="{9e8ff00b-8df1-ef11-be20-7c1e52182253}" behavior="0" />
      <RootComponent type="29" id="{d5994189-19f5-ef11-be1f-6045bdeed518}" behavior="0" />
      <RootComponent type="70" id="{97876e7b-e4f4-ef11-be1f-6045bdeed518}" behavior="0" />
      <RootComponent type="300" schemaName="proc_contractopportunities_74f80" behavior="0" />
      <RootComponent type="401" id="{b923b96c-d716-425c-b3f6-6c31abfba6fb}" behavior="0" />
    </RootComponents>
    <MissingDependencies>
      <MissingDependency>
        <Required type="1" schemaName="msdyn_aimodel" displayName="AI Model" solution="msdyn_AISolution (202501.3.14.3)">
          <package appName="PowerAI" version="202501.3.14.3">msdyn_AISolutionAnchor (202501.3.14.3)</package>
        </Required>
        <Dependent type="300" schemaName="proc_contractopportunities_74f80" displayName="Contract Opportunities" />
      </MissingDependency>
      <MissingDependency>
        <Required type="SettingDefinition" displayName="appcopilotenabled" solution="msdyn_AppCopilotAppInfraSettings (9.1.2024115.241121075)" id.uniquename="appcopilotenabled">
          <package appName="PowerAppsAppCopilotApp Package" version="9.1.2024115.241121075">PowerAppsAppCopilotApp_Anchor (9.1.2024115.241121075)</package>
        </Required>
        <Dependent type="OrganizationSetting" displayName="appcopilotenabled" id.settingdefinitionid.uniquename="appcopilotenabled" />
      </MissingDependency>
    </MissingDependencies>
  </SolutionManifest>
</ImportExportXml>