{
  "properties": {
    "connectionReferences": {
      "shared_commondataserviceforapps": {
        "runtimeSource": "embedded",
        "connection": {
          "connectionReferenceLogicalName": "proc_DataverseProc"
        },
        "api": {
          "name": "shared_commondataserviceforapps"
        }
      }
    },
    "definition": {
      "$schema": "https://schema.management.azure.com/providers/Microsoft.Logic/schemas/2016-06-01/workflowdefinition.json#",
      "contentVersion": "1.0.0.0",
      "parameters": {
        "$connections": {
          "defaultValue": {},
          "type": "Object"
        },
        "$authentication": {
          "defaultValue": {},
          "type": "SecureObject"
        }
      },
      "triggers": {
        "When_a_row_is_added,_modified_or_deleted_-_Assigned": {
          "metadata": {
            "operationMetadataId": "327254fd-687d-4a99-bff4-d838f5ba3dc1"
          },
          "type": "OpenApiConnectionWebhook",
          "inputs": {
            "host": {
              "connectionName": "shared_commondataserviceforapps",
              "operationId": "SubscribeWebhookTrigger",
              "apiId": "/providers/Microsoft.PowerApps/apis/shared_commondataserviceforapps"
            },
            "parameters": {
              "subscriptionRequest/message": 3,
              "subscriptionRequest/entityname": "proc_contractopportunites",
              "subscriptionRequest/scope": 4,
              "subscriptionRequest/filteringattributes": "proc_opportunityid,proc_assignedemployee",
              "subscriptionRequest/filterexpression": "proc_assignedemployee ne 'Null'"
            },
            "authentication": "@parameters('$authentication')"
          }
        }
      },
      "actions": {
        "Get_a_row_by_ID_-_Contract_Opportunity": {
          "runAfter": {},
          "metadata": {
            "operationMetadataId": "44da0bcd-ab3a-49c6-a187-a1f7774c1e16"
          },
          "type": "OpenApiConnection",
          "inputs": {
            "host": {
              "connectionName": "shared_commondataserviceforapps",
              "operationId": "GetItem",
              "apiId": "/providers/Microsoft.PowerApps/apis/shared_commondataserviceforapps"
            },
            "parameters": {
              "entityName": "proc_contractopportuniteses",
              "recordId": "@triggerOutputs()?['body/proc_contractopportunitesid']"
            },
            "authentication": "@parameters('$authentication')"
          }
        },
        "Update_a_row_-_Proposal_Status_to_Assigned": {
          "runAfter": {
            "Get_a_row_by_ID_-_Contract_Opportunity": [
              "Succeeded"
            ]
          },
          "metadata": {
            "operationMetadataId": "ffe132e8-2269-4b7a-b690-73333762e913"
          },
          "type": "OpenApiConnection",
          "inputs": {
            "host": {
              "connectionName": "shared_commondataserviceforapps",
              "operationId": "UpdateOnlyRecord",
              "apiId": "/providers/Microsoft.PowerApps/apis/shared_commondataserviceforapps"
            },
            "parameters": {
              "entityName": "proc_contractopportuniteses",
              "recordId": "@outputs('Get_a_row_by_ID_-_Contract_Opportunity')?['body/proc_contractopportunitesid']",
              "item/proc_proposalstatus": 445980003
            },
            "authentication": "@parameters('$authentication')"
          }
        }
      }
    },
    "templateName": null
  },
  "schemaVersion": "1.0.0.0"
}